# selection_criterion: this register captures real, logged/sourced failures and
# measured limitations that halted a run, endangered hardware, produced a wrong or
# refused outcome, or were flagged as a citability risk in this project's own audit
# documents. It does not include successes, nor does it include every code change --
# only entries traceable to a specific real incident, trial, log, or evidence-audit
# finding. See report_assets/PERCEPTION_EVIDENCE.md and codex/CODEX.md for the
# broader project audit this register draws from.
id,layer,kind,description,source_file,source_ref,fix_status,fix_artefact,recovery_trial
incident_8_fold_unfold,execution,defect,"Arm raised while still folded then unfolded in the wrong order during multi-view capture transit, risking self-collision/FOV occlusion",capture_object.py; capture_pair.py,capture_object.py:133; capture_pair.py:227,patched_no_recovery_trial,"raise-while-folded-then-unfold reorder (inline fix, no separate patch script)",
incident_9_wrist_limit,execution,defect,"Commanded wrist_flex trajectories at the -1.92 rad URDF limit were silently rejected by the controller; separately, insufficient lift headroom could invalidate the G3 lift-verify gate",Backups/2026-08-07/Afford-Grasp/execute_place_grasp_raw.py,execute_place_grasp_raw.py:119 (wrist clamp); :368 (lift-headroom abort),patched_no_recovery_trial,"wrist_flex clamped to -1.90 rad; lift_avail<0.03m hard abort",
incident_10_odom_reset,execution,defect,"Silent odometry reset + stale place_run.ref file drove the base toward the table between trials",Backups/2026-08-07/Afford-Grasp/execute_place_grasp_raw.py; lab_patches_0717.py,"execute_place_grasp_raw.py:237; lab_patches_0717.py:13,68",confirmed_with_recovery_trial,"P3: odom-reset guard aborting on stale/near-zero reference",6
incident_11_contact_stop,execution,defect,"Fixed-endpoint gripper close faulted the motor with over-current when commanded against a stalled load",lab_patches_0721.py,"lab_patches_0721.py:42,54",patched_no_recovery_trial,"P4: contact-stop close (v2/v3)",
incident_12_close_latency,execution,defect,"False contact trigger on the very first close step -- command latency was indistinguishable from a real stall",lab_patch_0723_close.py,"lab_patch_0723_close.py:93,103",patched_no_recovery_trial,"close-latency guard: arm contact detection only after real travel observed",
trial_4_lift_fault,execution,defect,"Real logged HELD_LIFT_FAULT (grasp 16): loop kept stepping after resistance appeared at -0.302, never stopping before -0.355, over-current with no lift",trials.csv,"report_bundle_20260801_1611/trials.csv line 5 (trial 4); lab_patch_0727_lift.py:11-13,21,41",confirmed_with_recovery_trial,"earlier single-step-break threshold + hold_margin=0 option (lab_patch_0727_lift.py, 2026-07-27)",5
trial_1_abort,execution,unexplained,"Real logged ABORT_ verdict (skip_base validation); root cause not independently confirmed in this audit",trials.csv,report_bundle_20260801_1611/trials.csv line 2 (trial 1),open,,
trial_3_abort,execution,unexplained,"Real logged ABORT_ verdict (recorded, autonomous); root cause not independently confirmed in this audit",trials.csv,report_bundle_20260801_1611/trials.csv line 4 (trial 3),open,,
mug_handle_noise_refusal,perception,limitation,"Mug handle geometry fragments into two sub-threshold clusters (lateral_protrusion 53pts/4mm, lateral_protrusion_1 36pts/3mm); the evidence gate correctly refuses rather than silently substituting a different part",part_adaptive.py; q6_intent_mug.log,part_adaptive.py:521-524 (NOISE gate); q6_intent_mug.log,open,"evidence gate refuses by design -- no override attempted; this is a sensing-resolution limit, not a bug",
segment_reversal,perception,defect,"segment_near/segment_far handle/blade labels are reversed on the knife; root cause is an unanchored PCA-sign convention in part_adaptive.py not tied to any physical direction",report_assets/PERCEPTION_EVIDENCE.md,"PERCEPTION_EVIDENCE.md, Part AA/AE row",diagnosed_not_implemented,"fix proposed (option d: stop naming ends, fall back to bind_part's graspable-width mechanism) -- not implemented, awaiting approval",
relation_hints_orphan,perception,defect,"Renaming segment_mid->segment_b orphaned a RELATION_HINTS dict key, silently misrouting the remote's 'middle section'/'sides' queries to main_body instead",report_assets/PERCEPTION_EVIDENCE.md,"PERCEPTION_EVIDENCE.md, Part ANr3 row",patched_no_recovery_trial,"RELATION_HINTS entry rekeyed to segment_b (confirmed corrected, Part AW1/AW2)",
point_grounding_off_object_1,perception,limitation,"Point-based grounding (condition C) returns off-object pixel coordinates for the knife on the 'pick up' and 'hand me' instructions (identical off-object points both times)",report_assets/PART_NAMING_ABLATION.csv,"rows: knife/pick up the knife/C_pointing; knife/hand me the knife/C_pointing (+2 stability repeats)",open,,
point_grounding_off_object_2,perception,limitation,"Point-based grounding returns a second, distinct off-object pixel configuration for the knife on the 'put it in the drawer' instruction",report_assets/PART_NAMING_ABLATION.csv,"row: knife/put the knife in the drawer/C_pointing",open,,
range_plane_fit_defect,perception,defect,"Support-plane fit mis-fits on 3 far-view captures (pot, mug_hv, cluster_mug_can_remote), truncating the true object into a thin, misclassified sliver; every downstream number in those 3 far rows is an artefact of this defect",report_assets/PERCEPTION_INVENTORY.md,"PERCEPTION_INVENTORY.md, Section 1 adjudication table, analyse_range.py row",open,,
langsam_collapse,perception,limitation,"LangSAM part-level text grounding collapses to the whole-object mask on real captures (86-98% of the object box), yielding no usable part boundary",run_knife_pick2.log; run_knife_hand.log; run_knife_put.log; run_remote_hand.log; run_remote_power.log; run_remote_put.log,"[VisualGrounder] WARNING lines, all 6 files",open,"worked around by geometric decomposition (part_adaptive.py) -- LangSAM's own part-grounding behaviour is not fixed",
vlm_pot_identification_failure,reasoning,limitation,"4 of 65 stability passes returned the wrong target object, all on the instruction 'I'd like a hot drink', both in the two pot-containing cluttered scenes (cluster_mug_cokecan_pot x3, cluster_mug_remote_pot x1)",vlm_stability.csv,"rows: pass 1/2/4 cluster_mug_cokecan_pot + pass 2 cluster_mug_remote_pot, instruction=I'd like a hot drink, correct=0",open,,
vlm_drink_pour_conflation,reasoning,limitation,"For 'I'd like a hot drink' (a holding/drinking instruction, not a pouring one) the reasoning layer returned post_grasp_motion=tilt_pour and a keep_clear_reasons entry citing 'the liquid's exit path during pouring'",Experiment_Logs/2026-08-07/constraints.json,"constraints.json (the real anchor-trial constraints file used throughout Figures 1-13)",open,,
