figure_path,stage_number,stage_name,generating_script,exact_command,input_capture,instruction,inferred_part,part_source,evidence_class,date_generated,what_a_non_specialist_sees,proposed_slot,affected_by_segment_reversal
report_assets/figures/fig_stage0_capture_knife_near.png,0,capture,view_captures.py (copied, not re-run),cp captures_pairs_2/previews/cap_knife_head_near.png report_assets/figures/fig_stage0_capture_knife_near.png,captures_pairs_2/cap_knife_head_near.npz,n/a,n/a,n/a (no part shown),n/a,2026-08-02 17:17,"A knife on a table, close-up RGB preview -- the raw image everything downstream is derived from.",report_4b_perception,no
report_assets/figures/fig_stage5_partmask_knife_handle_pick.png,5,part mask / CGN scoping,visualise_part_mask.py,python visualise_part_mask.py --part handle --out report_assets/figures/fig_stage5_partmask_knife_handle_pick.png,captures_pairs_2/cap_knife_head_near.npz (root state: pick up the knife),pick up the knife,handle,inferred (constraints_knife_pick.json),ok (36 mm, 945 pts, score 7.5),2026-08-02 17:17,"The knife's handle highlighted, rest of the object faded; CGN's candidate grasps scoped to 22% of the object mask -- the gripper is aimed at the handle, not the whole knife.",report_4b_perception,"yes -- pixel-projection (Part AA) shows this component (segment_near) actually falls on the BLADE side of the image, not the handle. NOT CITABLE as-is."
report_assets/figures/fig_stage5_partmask_knife_blade_counterfactual.png,5,part mask / counterfactual,visualise_part_mask.py,python visualise_part_mask.py --part blade --out report_assets/figures/fig_stage5_partmask_knife_blade_counterfactual.png,captures_pairs_2/cap_knife_head_near.npz (root state: pick up the knife),pick up the knife (part manually overridden),blade,hand-specified (--part override; NOT what the reasoner inferred for any of the 3 instructions),ok (42 mm, 1050 pts, score 7.5),2026-08-02 17:17,"The same knife, but the BLADE is highlighted instead -- geometrically just as resolvable as the handle (also 'ok' evidence), but not what any real instruction asked for. Shows the reasoner made a real choice, not the only option available.",report_4b_perception,"yes -- pixel-projection (Part AA) shows this component (segment_far) actually falls on the HANDLE side of the image, not the blade. NOT CITABLE as-is."
report_assets/figures/fig_stage7_alignment_knife.png,7,wrist-roll alignment,visualise_alignment.py,python visualise_alignment.py --npz grasps_out.npz --out report_assets/figures/fig_stage7_alignment_knife.png,captures_pairs_2/cap_knife_head_near.npz (root state: pick up the knife),pick up the knife,handle,inferred (constraints_knife_pick.json),n/a (alignment figure, not evidence-gated); class=elongated misalign=0.7deg apply=False,2026-08-02 17:17,"3D rendering showing the gripper's closing axis is already well-aligned to the knife's long axis (under 1 degree off) -- the roll-correction logic correctly does nothing here.",deck_appendix,"no -- this figure does not use segment_near/far or part_adaptive's find_components at all; it uses grasps_out.npz's affordance_points array directly. It has a SEPARATE, unrelated defect: see PERCEPTION_EVIDENCE.md row on the alignment figure (misalign=0.7deg/apply=False vs panel (b) claiming correction was applied; point set is the 97%-collapsed whole-object mask, not the knife). NOT CITABLE, for a different reason."
report_assets/figures/fig_stage4_knife_same_part_three_tasks.png,4,intent dissection / same part,fig_intent_dissection.py,"python fig_intent_dissection.py --cap captures_pairs_2/cap_knife_head_near.npz --grasps grasps_out.npz --intents ""pick up the knife=handle"" ""hand me the knife=handle"" ""put the knife in the drawer=handle"" --out report_assets/figures/fig_stage4_knife_same_part_three_tasks.png",captures_pairs_2/cap_knife_head_near.npz,"pick up the knife / hand me the knife / put the knife in the drawer",handle (all three),"hand-specified, corroborated by constraints_knife_*.json (same capture) -- fig_intent_dissection.py's --intents ""text=part"" was typed with 'handle' directly (see Part A1: this script never calls the VLM), but the same capture's constraints_knife_pick.json/hand.json/put.json independently record the reasoner inferring 'handle' for all three instructions -- so the figure's chosen part matches what the live pipeline actually inferred, it just wasn't read from the JSON programmatically. Parts are IDENTICAL across all three instructions; differentiation appears in the constraints and closure parameters (lift_m, retreat), not in the part chosen.",ok (segment_near, 31 mm, 337 pts, this run's own isolation); grasp overlay: none found within 0.16 m of part centroid,2026-08-02 17:20,"Four panels: full structural breakdown, then the same handle region highlighted for three different tasks -- the part choice never changes even though the task does; what changes is buried in the numbers, not visible in this figure alone. Confirmed (Part X3): this figure shows the PART REGION ONLY, not grasp poses -- the --grasps overlay found zero CGN poses within 0.16 m of the part centroid in any panel, so no grasp markers are drawn despite --grasps grasps_out.npz being passed. Also note (Part X1/X2): this figure's own numbers (31 mm, 337 pts, score 7.17) come from scene_objects' isolation path, not the live pipeline's (36 mm, 945 pts, score ~7.5, used in close_params.csv/grasps_out.npz and in fig_stage5_partmask_knife_handle_pick.png) -- cite 36mm/945pts when describing what the pipeline computed, 31mm/337pts only when describing what this specific PNG shows.",report_4b_perception,"yes -- pixel-projection (Part AA, both isolation paths) shows segment_near (the 'handle' highlighted in all three panels) actually falls on the BLADE side of the image. NOT CITABLE as-is; the underlying claim (same part across 3 instructions) may still be TRUE, but the part shown is mislabeled."
report_assets/figures/fig_stage4_mug_evidence_gate.png,4,intent dissection / evidence-gate limitation,fig_intent_dissection.py,"python fig_intent_dissection.py --cap captures_pairs_2/cap_mug_head_near.npz --intents ""pour me a coffee=handle"" ""move this out of the way=body"" --out report_assets/figures/fig_stage4_mug_evidence_gate.png",captures_pairs_2/cap_mug_head_near.npz,"pour me a coffee / move this out of the way","handle (refused) / body (bound)","hand-specified, corroborated by constraints_pour.json (different capture) -- 'handle'/'body' were typed directly as --intents ""text=part""; no live run_grounding_grasp.py call was made against THIS mug capture (cap_mug_head_near.npz) this session. constraints_pour.json/constraints_move.json (22 Jul, a different mug capture) independently record the reasoner inferring 'handle' for both mug instructions it saw -- corroborating but not the same capture, so this is weaker corroboration than the knife row above.","handle: NOISE (4 mm, 53 pts) -- refused; body: ok (18 mm, 1390 pts)",2026-08-02 17:20,"Two panels on the same mug: asking to pour shows the handle attempt greyed out/refused (not enough sensor evidence), asking to move it succeeds on the body -- an evidence-gate limitation, not a bug.",report_4b_perception,"no -- mug is not classified 'elongated' (it uses the vessel/lateral-protrusion path, not segment_near/far). Part AE3 pixel-projected both components this figure actually uses (lateral_protrusion, main_body) against the RGB and confirmed both are positioned correctly (handle on the mug's right side, body centered). The unrelated top_protrusion=interior-not-rim defect found in AE3 does not affect this figure, since neither panel uses top_protrusion."
report_assets/figures/fig_limitation_pot_capture.png,n/a,limitation (sensing),none (copied preview),cp captures_pairs_2/previews/cap_pot_head_near.png report_assets/figures/fig_limitation_pot_capture.png,captures_pairs_2/cap_pot_head_near.npz,n/a,n/a,n/a (no part shown -- evidence is textual),"reconstruction failed: 6 disconnected clusters under scene_objects, 4 under part_adaptive's seeded path; lowest point 164 mm (near capture) / 107 mm (batch_out seeded path) above the fitted plane; depth validity 74-76% on the pot region vs 86-98% on the adjacent table",2026-08-02 17:20,"An ordinary-looking pot with a glass lid on a table -- looks fine in the photo, but the accompanying 3D geometry (not shown here) never reconstructed it as one coherent object at this range.",report_4b_perception,no -- raw photo copy only, no part_adaptive component involved
report_assets/figures/fig_intent_pot_head_near.png,4,intent dissection (superseded),fig_intent_dissection.py,not logged this session (produced in an earlier session before exact-command tracking began),captures_pairs_2/cap_pot_head_near.npz,"unknown exact wording (consistent with the script's own documented example: pick up the pot=handle / take the lid off=lid knob / pour from it=rim)","handle / lid knob / rim",hand-specified (per the A1 finding: fig_intent_dissection.py binds whatever part string follows ""="" directly -- no VLM call in this script),not re-verified this session,2026-08-02 00:09,"Same headline concept as the knife figure, but for the pot -- now superseded, since the pot's reconstruction was later found to be broken (see fig_limitation_pot_capture.png).",unused,"no -- pot is not classified 'elongated' (vessel/lateral-protrusion path); already unused/superseded for an unrelated reason (reconstruction failure)"
report_assets/figures/fig_intent_mug_head_near.png,4,intent dissection (superseded),fig_intent_dissection.py,not logged this session (produced in an earlier session before exact-command tracking began),captures_pairs_2/cap_mug_head_near.npz,unknown exact wording,unknown,hand-specified (per the A1 finding),not re-verified this session,2026-08-02 00:02,"Earlier version of the mug panel -- superseded by fig_stage4_mug_evidence_gate.png, which uses intents that don't name the part and records the evidence-gate refusal explicitly.",unused,no -- mug is not classified 'elongated'; already superseded for an unrelated reason
