object,instruction,method,expected_component,chosen_component,width_mm,points,evidence,pixel_pos,correct,raw_points,nearest_distance_px,outcome
knife,pick up the knife,A_heuristic,handle-side component (segment or lateral_protrusion on the grip end),lateral_protrusion,24,216,ok,n/a (bind_part does not report pixel position),unknown -- BN declared GT in terms of segment_a/b/c handle/blade sides; lateral_protrusion is a component this session's earlier bind_part work did not previously encounter for this object/isolation, so no prior verified side-mapping exists to compare against,n/a,n/a,SELECTED
knife,pick up the knife,B_som,same as above,segment_c,19,769,ok,region 4 of 5 (largest-index),differs from A; not independently pixel-verified this session,n/a,n/a,SELECTED
knife,pick up the knife,C_pointing,same as above,none,n/a,n/a,n/a,"(446.7,371.0)/(461.8,371.0)/(476.9,371.0)",FALSE -- no component selected,"[[850,500],[900,500],[950,500]]","37.7/52.8/67.9",POINT_OFF_OBJECT
knife,hand me the knife,A_heuristic,handle OR blade spine (dual-acceptable per BN2/vlm_grid_handover_v2.md),lateral_protrusion,24,216,ok,n/a,same as pick -- no differentiation from pick,n/a,n/a,SELECTED
knife,hand me the knife,B_som,handle OR blade spine,lateral_protrusion,24,216,ok,region 0 of 5,"differs from A's own pick-up answer's underlying region index reasoning, though same component name as this row's own A result by coincidence -- differs from B's own pick (segment_c) and put (segment_a) rows",n/a,n/a,SELECTED
knife,hand me the knife,C_pointing,handle OR blade spine,none,n/a,n/a,n/a,"(446.7,371.0)/(461.8,371.0)/(476.9,371.0)",FALSE -- no component selected; IDENTICAL to pick-up row (no instruction sensitivity),"[[850,500],[900,500],[950,500]]","37.7/52.8/67.9",POINT_OFF_OBJECT
knife,hand me the knife,C_pointing_rep2,handle OR blade spine,none,n/a,n/a,n/a,identical to rep1,FALSE,"[[850,500],[900,500],[950,500]]","37.7/52.8/67.9",POINT_OFF_OBJECT
knife,hand me the knife,C_pointing_rep3,handle OR blade spine,none,n/a,n/a,n/a,identical to rep1,FALSE,"[[850,500],[900,500],[950,500]]","37.7/52.8/67.9",POINT_OFF_OBJECT
knife,put the knife in the drawer,A_heuristic,handle-side component,lateral_protrusion,24,216,ok,n/a,identical to pick/hand -- no differentiation across all 3 knife instructions under A,n/a,n/a,SELECTED
knife,put the knife in the drawer,B_som,handle-side component,segment_a,31,337,ok,region 1 of 5,"differs from B's own pick (segment_c) and hand (lateral_protrusion) rows -- 3rd distinct answer for the 3rd instruction",n/a,n/a,SELECTED
knife,put the knife in the drawer,C_pointing,handle-side component,none,n/a,n/a,n/a,"(431.6,371.0)/(446.7,371.0)/(461.8,371.0)",FALSE -- no component selected,"[[800,500],[850,500],[900,500]]","22.6/37.7/52.8",POINT_OFF_OBJECT
mug,pour me a coffee,A_heuristic,handle (declared GT),refused (matched lateral_protrusion but NOISE),4,53,NOISE,n/a,"correct behaviour -- refuses rather than substitute, matching declared GT that handle is the right ask but not resolvable",n/a,n/a,EVIDENCE_GATE_REFUSED (bind_part)
mug,pour me a coffee,B_som,handle,main_body (substituted silently),18,1390,ok,region 0 of 4,"FALSE relative to declared GT -- SoM substitutes body without disclosing the handle was the semantic target, unlike A's explicit refusal",n/a,n/a,SELECTED
mug,pour me a coffee,C_pointing,handle,refused (matched lateral_protrusion but NOISE),4,53,NOISE,"(332.0,340.8)",correct -- matches declared GT (refusal expected),[[800,600]],12.0,EVIDENCE_GATE_REFUSED
mug,move this out of the way,A_heuristic,main_body (declared GT -- non-precision task should tolerate body),refused (matched lateral_protrusion but NOISE),4,53,NOISE,n/a,"FALSE -- live VLM reasoner (Stage 2 only, no grounding) inferred target_part='handle' for THIS instruction too, so bind_part never even gets a chance to consider main_body; the mismatch originates upstream of geometric binding, not within it",n/a,n/a,EVIDENCE_GATE_REFUSED (bind_part)
mug,move this out of the way,B_som,main_body,main_body,18,1390,ok,region 0 of 4,TRUE -- matches declared GT,n/a,n/a,SELECTED
mug,move this out of the way,C_pointing,main_body,refused (matched lateral_protrusion but NOISE),4,53,NOISE,"(324.25,340.8)",FALSE -- identical to pour-me-a-coffee row; no instruction sensitivity,[[750,600]],4.3,EVIDENCE_GATE_REFUSED
mug,hand me the mug,A_heuristic,handle OR body (dual-acceptable per BN2),refused (matched lateral_protrusion but NOISE),4,53,NOISE,n/a,"partially correct -- handle path correctly refused, but no fallback to body was attempted (bind_part policy: no substitution)",n/a,n/a,EVIDENCE_GATE_REFUSED (bind_part)
mug,hand me the mug,B_som,handle OR body,main_body,18,1390,ok,region 0 of 4,TRUE -- body is one of the dual-acceptable answers,n/a,n/a,SELECTED
mug,hand me the mug,C_pointing,handle OR body,split across 3 components,n/a,n/a,mixed,mixed,"partially correct -- both acceptable answers (lateral_protrusion, main_body) appear among the 3 points, plus one spurious lateral_protrusion_1, but never resolved to a single answer",3 points (positions not itemised in this row),n/a,SPLIT
remote,hand me the remote,A_heuristic,middle section / non-button (declared GT),segment_b,43,1565,ok,n/a,TRUE,n/a,n/a,SELECTED
remote,hand me the remote,B_som,middle section / non-button,segment_c,41,1766,ok,region 5 of 6 (largest),"differs from A's segment_b, but both are plausible non-button middle/end sections -- TRUE in spirit (non-button, ok evidence)",n/a,n/a,SELECTED
remote,hand me the remote,C_pointing,middle section / non-button,segment_b,43,1565,ok,"1 of 3 points contained at (283.5,372.5)",TRUE -- matches A exactly,"3 points, 2 off-object",n/a,SELECTED
remote,put the remote on the shelf,A_heuristic,middle section / non-button,segment_b,43,1565,ok,n/a,TRUE -- identical to hand-me row under A,n/a,n/a,SELECTED
remote,put the remote on the shelf,B_som,middle section / non-button,segment_c,41,1766,ok,region 5 of 6,identical to B's own hand-me row,n/a,n/a,SELECTED
remote,put the remote on the shelf,C_pointing,middle section / non-button,segment_b,43,1565,ok,identical to C's own hand-me row,identical to C's own hand-me row,n/a,SELECTED
remote,turn the television on,A_heuristic,ok-evidenced non-button component (button itself not geometrically resolvable per BN3),segment_b,43,1565,ok,n/a,"technically TRUE (ok, non-button) but IDENTICAL to A's own hand-me/put answers -- no differentiation of the power instruction from the other two",n/a,n/a,SELECTED
remote,turn the television on,B_som,ok-evidenced non-button component,lateral_protrusion,18,284,ok,region 0 of 6 (smallest -- VLM note: 'likely a button'),"TRUE and differentiated -- the only condition where the power instruction produced a DIFFERENT component from the other 2 remote instructions",n/a,n/a,SELECTED
remote,turn the television on,C_pointing,ok-evidenced non-button component,split across rim_ring/lateral_protrusion,n/a,n/a,"ok/ok","(185.2,372.5) / (381.8,372.5)",TRUE in spirit -- both candidates are ok-evidenced non-button regions; differentiated from hand/put (segment_b) but not resolved to one answer,"[[250,500],[750,500]]","9.4/10.1",SPLIT
