grasp,score,arm_only_ok,base_x,base_y,base_yaw_rad,standoff_m,manip,collision_free,clearance_m,q_lift,q_flex,q_roll,q_wflex,q_wroll
0,0.277,1,0.1576,-0.039,-0.1851,0.4913,0.10763,1,9.0,0.5098,-1.9365,0.0837,-0.9835,-0.8547
1,0.223,1,0.1545,-0.0704,-0.164,0.5035,0.09153,1,9.0,0.4619,-1.8664,0.1401,-1.0371,-0.9468
2,0.294,1,0.1834,-0.0608,-0.1752,0.4736,0.12411,1,9.0,0.5472,-1.9951,0.1245,-0.9942,-0.7312
3,0.294,1,0.1775,-0.0601,-0.1648,0.4775,0.11943,1,9.0,0.5416,-1.9725,0.1163,-1.0119,-0.7726
4,0.269,1,0.1532,-0.0787,-0.1383,0.5101,0.07649,1,9.0,0.474,-1.8063,0.0984,-1.0914,-1.0536
5,0.294,1,0.1928,-0.0747,-0.1417,0.4707,0.12293,1,9.0,0.5456,-1.9762,0.0809,-1.046,-0.7816
6,0.292,1,0.286,0.0955,-0.3974,0.3961,0.16908,1,9.0,0.6366,-2.298,-0.0565,-0.8014,-0.3055
7,0.291,1,0.1963,-0.0537,-0.1437,0.4592,0.1346,1,9.0,0.5671,-2.0267,0.0756,-1.0201,-0.7023
8,0.294,1,0.2612,0.0126,-0.144,0.4283,0.15823,1,9.0,0.5854,-2.1156,-0.0412,-1.0273,-0.5172
9,0.294,1,0.2,-0.0537,-0.1543,0.4568,0.13716,1,9.0,0.5736,-2.0403,0.0821,-1.0082,-0.6707
10,0.294,1,0.2091,-0.0593,-0.1458,0.4521,0.14015,1,9.0,0.5784,-2.0455,0.0696,-1.0273,-0.6548
11,0.224,1,0.1704,-0.0354,-0.177,0.474,0.12486,1,9.0,0.5322,-2.0037,0.1362,-0.9761,-0.7198
12,0.294,1,0.2011,-0.0026,-0.2815,0.4812,0.09333,1,9.0,0.5083,-1.8455,3.1885,1.22,1.8934
13,0.294,1,0.2522,0.0112,-0.2576,0.415,0.16796,1,9.0,0.6257,-2.1909,0.0532,-0.9494,-0.4148
14,0.294,1,0.2328,-0.0169,-0.2076,0.4301,0.15845,1,9.0,0.6095,-2.1332,0.0798,-0.9858,-0.4842
15,0.294,1,0.2107,-0.105,-0.078,0.4631,0.12231,1,9.0,0.55,-1.9517,0.0736,-1.1466,-0.8215
16,0.236,1,0.1819,0.0158,-0.1109,0.4948,0.07368,1,9.0,0.3071,-1.3425,-0.1181,-1.6507,0.3019
17,0.294,1,0.2433,-0.1037,0.043,0.4557,0.08194,1,9.0,0.3283,-1.3034,0.0313,-1.92,0.1622
18,0.294,1,0.2711,0.0421,-0.3222,0.4021,0.17348,1,9.0,0.643,-2.2492,0.038,-0.8937,-0.3472
19,0.294,1,0.2322,-0.117,0.0442,0.4656,0.09458,1,9.0,0.3186,-1.2633,0.0605,-1.92,0.1601
20,0.294,1,0.2492,-0.0921,0.0232,0.4541,0.07004,1,9.0,0.3406,-1.3407,0.0293,-1.92,0.1867
21,0.294,1,0.2439,-0.0439,-0.0699,0.4591,0.0402,1,9.0,0.4521,-1.6721,0.0552,-1.6175,-0.2279
22,0.294,1,0.2361,-0.0334,-0.1675,0.4297,0.15782,1,9.0,0.6081,-2.1131,0.0601,-1.0295,-0.5061
23,0.294,1,0.2564,-0.0983,0.0487,0.4537,0.07088,1,9.0,0.3397,-1.3381,0.0233,-1.92,0.1607
24,0.294,1,0.2674,0.0155,-0.2929,0.4061,0.17484,1,9.0,0.6396,-2.221,0.096,-0.9501,-0.3636
