field,values_observed,closure_parameter,transformation,geometric_term,source
stability_priority,"high | med | medium | low (any other/unmapped string falls through .get(s,1.0) default, i.e. behaves as med)",force_level,"score = base[stability_priority] + bump[post_grasp_motion]; base: high=2.0, med/medium=1.0, low=0.0, other(default)=1.0; force_level = ""gentle"" if score<1.0, ""standard"" if score<2.0, else ""firm""",none (discrete tier selection via threshold on a dimensionless additive score; no distance/area computed here),grasp_policy.py:62-80
stability_priority,high | med | medium | low (post_grasp_motion also gates this branch),close_depth_frac,"if post_grasp_motion==""tilt_pour"" or stability_priority==""high"": 0.35; elif post_grasp_motion==""handover"" or stability_priority==""low"": 0.50; else (default incl. med/medium/translate/none): 0.45","close_z = plane_z + close_depth_frac*(obj_top_z-plane_z); then clamped to [plane_z+0.025, obj_top_z-0.025]","grasp_policy.py:83-95,180-184"
stability_priority,"high vs not-high, gated by align_confident",cage_clearance_m,"if align_confident: clearance = CLEARANCE_M[""tight""]=0.015 m when stability_priority==""high"" else CLEARANCE_M[""standard""]=0.020 m; if not align_confident: clearance = CLEARANCE_M[""loose""]=0.030 m regardless of stability_priority","cage_gap_m = clip(part_width_m + clearance, APERTURE_MIN_M=0.030, APERTURE_MAX_M=0.125) (metres, direct sum then hard clamp)","grasp_policy.py:55,98-102,175-179"
post_grasp_motion,"tilt_pour | handover | translate | none (any other/unmapped string falls through .get(m,0.0) default, i.e. behaves as translate for the force bump)",force_level (bump term),"bump: tilt_pour=+1.0, handover=+0.5, translate=0.0, none=-1.0, other(default)=0.0; added to stability_priority's base score before the force_level threshold above",none,grasp_policy.py:73-74
post_grasp_motion,tilt_pour | handover | none | translate (default/else branch),"lift_m, requires_controlled_tilt, retreat, note (post-grasp plan)","tilt_pour -> lift_m=0.12, requires_controlled_tilt=True, retreat=""none"", note=""clear the support before any wrist rotation""; handover -> lift_m=0.10, requires_controlled_tilt=False, retreat=""toward_receiver"", note=""present the receiver-facing part; hold until release""; none -> lift_m=0.05, requires_controlled_tilt=False, retreat=""none"", note=""in-place manipulation""; else (default, incl. translate) -> lift_m=0.10, requires_controlled_tilt=False, retreat=""none"", note=""straight translate""",lift_m used directly downstream as a vertical retreat distance in metres; no further geometric derivation inside these two files,grasp_policy.py:105-121
thermal_or_hygiene,"any non-empty descriptive string (e.g. ""hot surface"") -> truthy; '' | 'null' | 'none' | 'nan' | 'n/a' | '-' (case-insensitive, whitespace-stripped) -> normalised to None",minimal_contact,minimal_contact = bool(thermal_or_hygiene) after the None-normalisation above; the string itself is also passed through unchanged into the output dict,none (boolean flag only; not multiplied/added into any of the geometric formulas in grasp_policy.py or grasp_close_params.py),"grasp_policy.py:154-155,171"
keep_clear (+ keep_clear_reasons),"list of surface names, e.g. ['rim'], or [] (empty)",keep_clear (pass-through output field),out['keep_clear'] = list(keep_clear) -- copied verbatim into the output dict; keep_clear_reasons is read from the constraints dict by grasp_close_params.py's load_constraints() but never referenced again in either file,"none -- never intersected with part_width_m/plane_z/obj_top_z/the grasp region in either grasp_policy.py or grasp_close_params.py (dead/pass-through field once past target_part-based region selection, which happens upstream of these two modules)","grasp_policy.py:156,169"
align_confident,"True (the only value ever observed in this codebase: closure_policy()'s own default is True, and grasp_close_params.py's two call sites never pass align_confident explicitly, so False/loose is unreachable via any current caller)",cage_clearance_m,"same clearance_for() branch as the stability_priority row above; the align_confident==False -> ""loose""=0.030 m path exists in code but is never exercised by any caller in this repo","cage_gap_m = clip(part_width_m + clearance, 0.030, 0.125)","grasp_policy.py:98-102,143-144; grasp_close_params.py:120-121,133-134 (align_confident never passed by any caller)"
"part_width_m (perception input, not a VLM constraint field)",computed per-grasp from the point cloud slab around the closing axis; NaN if fewer than 60 points fall in the slab,cage_gap_m / cage_motor_rad / width_gate_ok,"gap = clip(part_width_m + clearance, APERTURE_MIN_M=0.030, APERTURE_MAX_M=0.125); cage_motor_rad = gap_to_motor(gap, gap_map): piecewise-linear interpolation over the measured (motor_rad,gap_m) points from gripper_gap_map.csv sorted by gap, clamped to the map's endpoints outside its range, or the linear fit (gap-0.0559)/0.064 if gap_map is empty/missing; width_gate_ok = 1 if part_width_m+clearance<=APERTURE_MAX_M else 0","gap_m = part_width_m + clearance_m (linear sum, metres); motor_rad = interpolation of measured gripper_gap_map.csv points (or the 0.064 m/rad linear fit, 0-rad intercept 0.0559 m, dated 14 Jul in the code comment)","grasp_policy.py:39-41,124-140,176-179; grasp_close_params.py:81-88,101-117"
part_width_m (artifact guard),deviation of a single grasp's measured part_width_m from the scene median part_width across all grasps,"ok, note (QC flag, not a closure parameter)","if isfinite(w_med) and w_med>0 and abs(w-w_med)/w_med > MED_TOL(0.30): ok=0, note=""WIDTH ARTIFACT: {w}mm vs scene median {w_med}mm""","relative deviation |w-w_med|/w_med (dimensionless fraction), thresholded at 0.30","grasp_close_params.py:28,101-117,131-132"
"plane_z / obj_top_z (perception, scene geometry -- not a VLM constraint field)",plane_z = mode of a 60-bin local height histogram near the affordance/grasp centroid; obj_top_z = 98th percentile of local points above plane_z+0.008 (NaN if fewer than 50 such points),close_z / object_height_m,"h = obj_top_z - plane_z; z = plane_z + close_depth_frac*h; z clamped to [plane_z+0.025, obj_top_z-0.025]","linear interpolation along object height by close_depth_frac, then a hard 0.025 m geometric clamp from each end of the object's height range",grasp_policy.py:180-185; grasp_close_params.py:91-99
"force_level (derived tier, not a raw VLM field)",gentle | standard | firm,"effort, hold_margin_rad","FORCE_LEVELS lookup: gentle->(effort=0.15, hold_margin=0.000), standard->(effort=0.30, hold_margin=0.008), firm->(effort=0.50, hold_margin=0.016)","hold_margin_rad is documented (module comment only, not computed in code) as ~MM_PER_RAD=0.064 m/rad, i.e. standard's 0.008 rad hold margin corresponds to ~0.6 mm of extra squeeze past detected contact","grasp_policy.py:37-50,163-166"
