candidate,x,y,z,reachable_before,reachable_after,dist_from_base_m,source
0,0.1576,-0.039,0.0,0,1,0.5203,"Experiment_Logs/2026-08-07/place_run.csv:L2(base_x,base_y,arm_only_ok);Experiment_Logs/2026-08-07/grasps_plain.npz:aff_center_3d;scene3d.py:68,76-77,226(EXECUTED_CANDIDATE,REACH_M,base_initial=(0,0,0));Backups/2026-08-07/Afford-Grasp/hsr_base_placement.py:130(base_T z=0 convention)"
1,0.1545,-0.0704,0.0,0,1,0.5252,"Experiment_Logs/2026-08-07/place_run.csv:L3(base_x,base_y,arm_only_ok);Experiment_Logs/2026-08-07/grasps_plain.npz:aff_center_3d;scene3d.py:68,76-77,226(EXECUTED_CANDIDATE,REACH_M,base_initial=(0,0,0));Backups/2026-08-07/Afford-Grasp/hsr_base_placement.py:130(base_T z=0 convention)"
2,0.1834,-0.0608,0.0,0,1,0.4956,"Experiment_Logs/2026-08-07/place_run.csv:L4(base_x,base_y,arm_only_ok);Experiment_Logs/2026-08-07/grasps_plain.npz:aff_center_3d;scene3d.py:68,76-77,226(EXECUTED_CANDIDATE,REACH_M,base_initial=(0,0,0));Backups/2026-08-07/Afford-Grasp/hsr_base_placement.py:130(base_T z=0 convention)"
3,0.1775,-0.0601,0.0,0,1,0.5015,"Experiment_Logs/2026-08-07/place_run.csv:L5(base_x,base_y,arm_only_ok);Experiment_Logs/2026-08-07/grasps_plain.npz:aff_center_3d;scene3d.py:68,76-77,226(EXECUTED_CANDIDATE,REACH_M,base_initial=(0,0,0));Backups/2026-08-07/Afford-Grasp/hsr_base_placement.py:130(base_T z=0 convention)"
4,0.1532,-0.0787,0.0,0,1,0.5273,"Experiment_Logs/2026-08-07/place_run.csv:L6(base_x,base_y,arm_only_ok);Experiment_Logs/2026-08-07/grasps_plain.npz:aff_center_3d;scene3d.py:68,76-77,226(EXECUTED_CANDIDATE,REACH_M,base_initial=(0,0,0));Backups/2026-08-07/Afford-Grasp/hsr_base_placement.py:130(base_T z=0 convention)"
5,0.1928,-0.0747,0.0,0,1,0.4875,"Experiment_Logs/2026-08-07/place_run.csv:L7(base_x,base_y,arm_only_ok);Experiment_Logs/2026-08-07/grasps_plain.npz:aff_center_3d;scene3d.py:68,76-77,226(EXECUTED_CANDIDATE,REACH_M,base_initial=(0,0,0));Backups/2026-08-07/Afford-Grasp/hsr_base_placement.py:130(base_T z=0 convention)"
6,0.286,0.0955,0.0,0,1,0.4096,"Experiment_Logs/2026-08-07/place_run.csv:L8(base_x,base_y,arm_only_ok);Experiment_Logs/2026-08-07/grasps_plain.npz:aff_center_3d;scene3d.py:68,76-77,226(EXECUTED_CANDIDATE,REACH_M,base_initial=(0,0,0));Backups/2026-08-07/Afford-Grasp/hsr_base_placement.py:130(base_T z=0 convention)"
7,0.1963,-0.0537,0.0,0,1,0.4823,"Experiment_Logs/2026-08-07/place_run.csv:L9(base_x,base_y,arm_only_ok);Experiment_Logs/2026-08-07/grasps_plain.npz:aff_center_3d;scene3d.py:68,76-77,226(EXECUTED_CANDIDATE,REACH_M,base_initial=(0,0,0));Backups/2026-08-07/Afford-Grasp/hsr_base_placement.py:130(base_T z=0 convention)"
8,0.2612,0.0126,0.0,0,1,0.4181,"Experiment_Logs/2026-08-07/place_run.csv:L10(base_x,base_y,arm_only_ok);Experiment_Logs/2026-08-07/grasps_plain.npz:aff_center_3d;scene3d.py:68,76-77,226(EXECUTED_CANDIDATE,REACH_M,base_initial=(0,0,0));Backups/2026-08-07/Afford-Grasp/hsr_base_placement.py:130(base_T z=0 convention)"
9,0.2,-0.0537,0.0,0,1,0.4786,"Experiment_Logs/2026-08-07/place_run.csv:L11(base_x,base_y,arm_only_ok);Experiment_Logs/2026-08-07/grasps_plain.npz:aff_center_3d;scene3d.py:68,76-77,226(EXECUTED_CANDIDATE,REACH_M,base_initial=(0,0,0));Backups/2026-08-07/Afford-Grasp/hsr_base_placement.py:130(base_T z=0 convention)"
10,0.2091,-0.0593,0.0,0,1,0.4699,"Experiment_Logs/2026-08-07/place_run.csv:L12(base_x,base_y,arm_only_ok);Experiment_Logs/2026-08-07/grasps_plain.npz:aff_center_3d;scene3d.py:68,76-77,226(EXECUTED_CANDIDATE,REACH_M,base_initial=(0,0,0));Backups/2026-08-07/Afford-Grasp/hsr_base_placement.py:130(base_T z=0 convention)"
11,0.1704,-0.0354,0.0,0,1,0.5074,"Experiment_Logs/2026-08-07/place_run.csv:L13(base_x,base_y,arm_only_ok);Experiment_Logs/2026-08-07/grasps_plain.npz:aff_center_3d;scene3d.py:68,76-77,226(EXECUTED_CANDIDATE,REACH_M,base_initial=(0,0,0));Backups/2026-08-07/Afford-Grasp/hsr_base_placement.py:130(base_T z=0 convention)"
12,0.2011,-0.0026,0.0,0,1,0.4771,"Experiment_Logs/2026-08-07/place_run.csv:L14(base_x,base_y,arm_only_ok);Experiment_Logs/2026-08-07/grasps_plain.npz:aff_center_3d;scene3d.py:68,76-77,226(EXECUTED_CANDIDATE,REACH_M,base_initial=(0,0,0));Backups/2026-08-07/Afford-Grasp/hsr_base_placement.py:130(base_T z=0 convention)"
13,0.2522,0.0112,0.0,0,1,0.427,"Experiment_Logs/2026-08-07/place_run.csv:L15(base_x,base_y,arm_only_ok);Experiment_Logs/2026-08-07/grasps_plain.npz:aff_center_3d;scene3d.py:68,76-77,226(EXECUTED_CANDIDATE,REACH_M,base_initial=(0,0,0));Backups/2026-08-07/Afford-Grasp/hsr_base_placement.py:130(base_T z=0 convention)"
14,0.2328,-0.0169,0.0,0,1,0.445,"Experiment_Logs/2026-08-07/place_run.csv:L16(base_x,base_y,arm_only_ok);Experiment_Logs/2026-08-07/grasps_plain.npz:aff_center_3d;scene3d.py:68,76-77,226(EXECUTED_CANDIDATE,REACH_M,base_initial=(0,0,0));Backups/2026-08-07/Afford-Grasp/hsr_base_placement.py:130(base_T z=0 convention)"
15,0.2107,-0.105,0.0,0,1,0.4739,"Experiment_Logs/2026-08-07/place_run.csv:L17(base_x,base_y,arm_only_ok);Experiment_Logs/2026-08-07/grasps_plain.npz:aff_center_3d;scene3d.py:68,76-77,226(EXECUTED_CANDIDATE,REACH_M,base_initial=(0,0,0));Backups/2026-08-07/Afford-Grasp/hsr_base_placement.py:130(base_T z=0 convention)"
16,0.1819,0.0158,0.0,0,1,0.4974,"Experiment_Logs/2026-08-07/place_run.csv:L18(base_x,base_y,arm_only_ok);Experiment_Logs/2026-08-07/grasps_plain.npz:aff_center_3d;scene3d.py:68,76-77,226(EXECUTED_CANDIDATE,REACH_M,base_initial=(0,0,0));Backups/2026-08-07/Afford-Grasp/hsr_base_placement.py:130(base_T z=0 convention)"
17,0.2433,-0.1037,0.0,0,1,0.4416,"Experiment_Logs/2026-08-07/place_run.csv:L19(base_x,base_y,arm_only_ok);Experiment_Logs/2026-08-07/grasps_plain.npz:aff_center_3d;scene3d.py:68,76-77,226(EXECUTED_CANDIDATE,REACH_M,base_initial=(0,0,0));Backups/2026-08-07/Afford-Grasp/hsr_base_placement.py:130(base_T z=0 convention)"
18,0.2711,0.0421,0.0,0,1,0.412,"Experiment_Logs/2026-08-07/place_run.csv:L20(base_x,base_y,arm_only_ok);Experiment_Logs/2026-08-07/grasps_plain.npz:aff_center_3d;scene3d.py:68,76-77,226(EXECUTED_CANDIDATE,REACH_M,base_initial=(0,0,0));Backups/2026-08-07/Afford-Grasp/hsr_base_placement.py:130(base_T z=0 convention)"
19,0.2322,-0.117,0.0,0,1,0.455,"Experiment_Logs/2026-08-07/place_run.csv:L21(base_x,base_y,arm_only_ok);Experiment_Logs/2026-08-07/grasps_plain.npz:aff_center_3d;scene3d.py:68,76-77,226(EXECUTED_CANDIDATE,REACH_M,base_initial=(0,0,0));Backups/2026-08-07/Afford-Grasp/hsr_base_placement.py:130(base_T z=0 convention)"
20,0.2492,-0.0921,0.0,0,1,0.4338,"Experiment_Logs/2026-08-07/place_run.csv:L22(base_x,base_y,arm_only_ok);Experiment_Logs/2026-08-07/grasps_plain.npz:aff_center_3d;scene3d.py:68,76-77,226(EXECUTED_CANDIDATE,REACH_M,base_initial=(0,0,0));Backups/2026-08-07/Afford-Grasp/hsr_base_placement.py:130(base_T z=0 convention)"
21,0.2439,-0.0439,0.0,0,1,0.4342,"Experiment_Logs/2026-08-07/place_run.csv:L23(base_x,base_y,arm_only_ok);Experiment_Logs/2026-08-07/grasps_plain.npz:aff_center_3d;scene3d.py:68,76-77,226(EXECUTED_CANDIDATE,REACH_M,base_initial=(0,0,0));Backups/2026-08-07/Afford-Grasp/hsr_base_placement.py:130(base_T z=0 convention)"
22,0.2361,-0.0334,0.0,0,1,0.4417,"Experiment_Logs/2026-08-07/place_run.csv:L24(base_x,base_y,arm_only_ok);Experiment_Logs/2026-08-07/grasps_plain.npz:aff_center_3d;scene3d.py:68,76-77,226(EXECUTED_CANDIDATE,REACH_M,base_initial=(0,0,0));Backups/2026-08-07/Afford-Grasp/hsr_base_placement.py:130(base_T z=0 convention)"
23,0.2564,-0.0983,0.0,0,1,0.4277,"Experiment_Logs/2026-08-07/place_run.csv:L25(base_x,base_y,arm_only_ok);Experiment_Logs/2026-08-07/grasps_plain.npz:aff_center_3d;scene3d.py:68,76-77,226(EXECUTED_CANDIDATE,REACH_M,base_initial=(0,0,0));Backups/2026-08-07/Afford-Grasp/hsr_base_placement.py:130(base_T z=0 convention)"
24,0.2674,0.0155,0.0,0,1,0.4122,"Experiment_Logs/2026-08-07/place_run.csv:L26(base_x,base_y,arm_only_ok);Experiment_Logs/2026-08-07/grasps_plain.npz:aff_center_3d;scene3d.py:68,76-77,226(EXECUTED_CANDIDATE,REACH_M,base_initial=(0,0,0));Backups/2026-08-07/Afford-Grasp/hsr_base_placement.py:130(base_T z=0 convention)"
