object,contract,target_part,keep_clear,rationale_text,contradiction,source
mug,baseline,handle,,"For handing over a mug, the handle is the most natural and ergonomic part to grasp. It allows for a secure grip without obstructing the mug's opening or body, ensuring the mug can still hold liquid without spilling. The task involves handing over the mug, so the post-grasp motion is 'handover'. Stability is medium as the mug needs to be securely held but not under dynamic forces. There are no thermal or hygiene concerns specific to this task.",false,vlm_grid_raw.json:L89-L101
bottle,baseline,neck,,"For handing over a bottle, grasping the neck is optimal as it allows for a secure grip without obstructing any functional part of the bottle. The neck is a natural grasp point that does not interfere with the bottle's portability or identification. There are no surfaces that need to remain clear for this task, as the goal is simply to transfer the bottle to the user.",false,vlm_grid_raw.json:L187-L199
hammer,baseline,handle,,"For handing over a hammer, the handle is the most natural part to grasp as it is designed for gripping and allows for easy transfer. The head must remain unobstructed to ensure it can be used for striking once handed over. The task requires a stable grip to prevent dropping during the handover, hence a high stability priority. There are no thermal or hygiene concerns associated with the hammer.",false,vlm_grid_raw.json:L287-L299
knife,baseline,handle,,"For handing over a knife, the handle is the most natural and safe part to grasp. It allows the recipient to easily take control of the knife by the handle, ensuring the sharp edge remains unobstructed and safe. There are no surfaces that must remain clear for the handover task, as the goal is simply to transfer the knife safely.",false,vlm_grid_raw.json:L382-L394
bowl,baseline,rim,,"Grasping the rim allows for a secure hold while keeping the bowl's interior unobstructed for holding contents. The task involves handing over the bowl, so the grasp should facilitate easy transfer without blocking the bowl's function as a container. No specific surfaces need to be kept clear for this task, as the bowl's primary function is not obstructed by the grasp.",false,vlm_grid_raw.json:L481-L493
pan,baseline,handle,,"For handing over a pan, the handle is the most natural and ergonomic part to grasp. It allows for easy and secure handling without obstructing any functional part of the pan. Since the task is a handover, there are no surfaces that need to remain clear for the task to succeed, and the stability priority is low as the pan is not being used for cooking during the handover.",false,vlm_grid_raw.json:L576-L588
mug,receiver_aware,body,handle,"For a handover task, the handle should be kept clear so the receiver can easily grasp it. The body of the mug is a stable part to grasp, and it allows the handle to be presented towards the receiver. The mug may be hot, so the robot should be cautious when grasping the body.",false,vlm_grid_handover_v2_raw.json:L19-L35
bottle,receiver_aware,body,neck,"For handing over a bottle, the robot should grasp the body to leave the neck clear for the human to easily take hold of it. This ensures the bottle is presented in a way that is natural for the receiver to grasp. The stability priority is medium as the bottle needs to be securely held but not against significant forces.",false,vlm_grid_handover_v2_raw.json:L54-L70
hammer,receiver_aware,head,handle,"For a handover task, the hammer's handle must be clear for the receiver to grasp it naturally. The robot should grasp the head to ensure the handle is presented towards the receiver. This also controls the potentially hazardous head, ensuring it is not directed towards the person.",false,vlm_grid_handover_v2_raw.json:L90-L106
knife,receiver_aware,blade spine,handle,"For handing over a knife, the robot should grasp the blade spine to ensure the handle is unobstructed and safely presented to the receiver. This allows the receiver to easily and safely grasp the handle to use the knife for cutting or slicing.",false,vlm_grid_handover_v2_raw.json:L123-L139
bowl,receiver_aware,rim,interior,"For handing over a bowl, grasping the rim allows the receiver to easily take hold of the bowl by its sides or base. The interior must remain clear to ensure it can hold contents immediately upon receipt.",false,vlm_grid_handover_v2_raw.json:L157-L173
pan,receiver_aware,handle,handle,"For handing over a pan, the handle is the safest and most natural part for the receiver to grasp. The robot should hold the pan by the body, leaving the handle clear for the person. This ensures safe handling, especially if the pan is hot.",true,vlm_grid_handover_v2_raw.json:L192-L208
