object,method,method_name,selected_component,centroid_xyz,points,refused,validated_against_image,notes,source
knife,A,A_heuristic (part_adaptive.bind_part -- geometric/adaptive hint-scoring over find_components() output),lateral_protrusion,,216,false,false,"width_mm=24, evidence=ok. GT declared as 'handle-side component (segment or lateral_protrusion on the grip end)'; bind_part does not report pixel position so no image validation. KNIFE PART-LEVEL LABEL WARNING: citable=false for this row's part-name semantics (handle vs blade) -- part_adaptive.py's PCA-eigenvector-sign bug means knife handle/blade labels are known unreliable in this codebase (see report_assets/PERCEPTION_EVIDENCE.md). The geometric measurements (component name, width, points, evidence) are not themselves invalidated, only which end is 'handle' vs 'blade'. MALFORMED SOURCE ROW: line 2 -- unquoted comma inside the 'correct' field ('...isolation, so no prior...') gives 14 fields against a 13-col header; field values reconstructed manually from the raw text, not via naive csv.reader split.",report_assets/PART_NAMING_ABLATION.csv:2
knife,B,"B_som (som_part_selection.py --mode som -- SAM2 numbered-region selector, VLM picks a region number; script's own comment: 'numbered-region selector (AN/AX/BA/BB)')",segment_c,,769,false,false,"width_mm=19, evidence=ok. pixel_pos='region 4 of 5 (largest-index)' -- a SoM region index, not an actual image-pixel validation. KNIFE PART-LEVEL LABEL WARNING: citable=false for this row's part-name semantics (handle vs blade) -- part_adaptive.py's PCA-eigenvector-sign bug means knife handle/blade labels are known unreliable in this codebase (see report_assets/PERCEPTION_EVIDENCE.md). The geometric measurements (component name, width, points, evidence) are not themselves invalidated, only which end is 'handle' vs 'blade'.",report_assets/PART_NAMING_ABLATION.csv:3
knife,C,C_pointing (som_part_selection.py --mode point -- point-based geometric affordance selector; script's own comment: 'point-based affordance selector (BI)'),none (POINT_OFF_OBJECT),,,false,true,"3 query points at (446.7,371.0)/(461.8,371.0)/(476.9,371.0) measured 37.7/52.8/67.9 px from the nearest object pixel -- outcome POINT_OFF_OBJECT, correct=FALSE. This IS validated against the image (pixel distance to object measured and a pass/fail recorded), it just failed. KNIFE PART-LEVEL LABEL WARNING: citable=false for this row's part-name semantics (handle vs blade) -- part_adaptive.py's PCA-eigenvector-sign bug means knife handle/blade labels are known unreliable in this codebase (see report_assets/PERCEPTION_EVIDENCE.md). The geometric measurements (component name, width, points, evidence) are not themselves invalidated, only which end is 'handle' vs 'blade'.",report_assets/PART_NAMING_ABLATION.csv:4
knife,A,A_heuristic (part_adaptive.bind_part -- geometric/adaptive hint-scoring over find_components() output),lateral_protrusion,,216,false,false,"width_mm=24, evidence=ok. Identical to the pick-up row -- A showed zero instruction-sensitivity across all 3 knife instructions. KNIFE PART-LEVEL LABEL WARNING: citable=false for this row's part-name semantics (handle vs blade) -- part_adaptive.py's PCA-eigenvector-sign bug means knife handle/blade labels are known unreliable in this codebase (see report_assets/PERCEPTION_EVIDENCE.md). The geometric measurements (component name, width, points, evidence) are not themselves invalidated, only which end is 'handle' vs 'blade'.",report_assets/PART_NAMING_ABLATION.csv:5
knife,B,"B_som (som_part_selection.py --mode som -- SAM2 numbered-region selector, VLM picks a region number; script's own comment: 'numbered-region selector (AN/AX/BA/BB)')",lateral_protrusion,,216,false,false,"width_mm=24, evidence=ok. pixel_pos='region 0 of 5'. Same component NAME as A's own pick-up answer, but the ablation notes this is coincidental (different underlying region-index reasoning), and differs from B's own pick (segment_c) and put (segment_a) rows. KNIFE PART-LEVEL LABEL WARNING: citable=false for this row's part-name semantics (handle vs blade) -- part_adaptive.py's PCA-eigenvector-sign bug means knife handle/blade labels are known unreliable in this codebase (see report_assets/PERCEPTION_EVIDENCE.md). The geometric measurements (component name, width, points, evidence) are not themselves invalidated, only which end is 'handle' vs 'blade'.",report_assets/PART_NAMING_ABLATION.csv:6
knife,C,C_pointing (som_part_selection.py --mode point -- point-based geometric affordance selector; script's own comment: 'point-based affordance selector (BI)'),none (POINT_OFF_OBJECT),,,false,true,"Pixel positions identical to the pick-up row -- 37.7/52.8/67.9 px off-object, outcome POINT_OFF_OBJECT. No instruction sensitivity vs the pick row. KNIFE PART-LEVEL LABEL WARNING: citable=false for this row's part-name semantics (handle vs blade) -- part_adaptive.py's PCA-eigenvector-sign bug means knife handle/blade labels are known unreliable in this codebase (see report_assets/PERCEPTION_EVIDENCE.md). The geometric measurements (component name, width, points, evidence) are not themselves invalidated, only which end is 'handle' vs 'blade'.",report_assets/PART_NAMING_ABLATION.csv:7
knife,C,C_pointing (som_part_selection.py --mode point -- point-based geometric affordance selector; script's own comment: 'point-based affordance selector (BI)'),none (POINT_OFF_OBJECT),,,false,true,"Stability repeat 2/3 of the hand-me row -- identical points/result to rep 1. KNIFE PART-LEVEL LABEL WARNING: citable=false for this row's part-name semantics (handle vs blade) -- part_adaptive.py's PCA-eigenvector-sign bug means knife handle/blade labels are known unreliable in this codebase (see report_assets/PERCEPTION_EVIDENCE.md). The geometric measurements (component name, width, points, evidence) are not themselves invalidated, only which end is 'handle' vs 'blade'.",report_assets/PART_NAMING_ABLATION.csv:8
knife,C,C_pointing (som_part_selection.py --mode point -- point-based geometric affordance selector; script's own comment: 'point-based affordance selector (BI)'),none (POINT_OFF_OBJECT),,,false,true,"Stability repeat 3/3 of the hand-me row -- identical points/result to rep 1. KNIFE PART-LEVEL LABEL WARNING: citable=false for this row's part-name semantics (handle vs blade) -- part_adaptive.py's PCA-eigenvector-sign bug means knife handle/blade labels are known unreliable in this codebase (see report_assets/PERCEPTION_EVIDENCE.md). The geometric measurements (component name, width, points, evidence) are not themselves invalidated, only which end is 'handle' vs 'blade'.",report_assets/PART_NAMING_ABLATION.csv:9
knife,A,A_heuristic (part_adaptive.bind_part -- geometric/adaptive hint-scoring over find_components() output),lateral_protrusion,,216,false,false,"width_mm=24, evidence=ok. Identical to pick/hand -- no differentiation across all 3 knife instructions under method A. KNIFE PART-LEVEL LABEL WARNING: citable=false for this row's part-name semantics (handle vs blade) -- part_adaptive.py's PCA-eigenvector-sign bug means knife handle/blade labels are known unreliable in this codebase (see report_assets/PERCEPTION_EVIDENCE.md). The geometric measurements (component name, width, points, evidence) are not themselves invalidated, only which end is 'handle' vs 'blade'.",report_assets/PART_NAMING_ABLATION.csv:10
knife,B,"B_som (som_part_selection.py --mode som -- SAM2 numbered-region selector, VLM picks a region number; script's own comment: 'numbered-region selector (AN/AX/BA/BB)')",segment_a,,337,false,false,"width_mm=31, evidence=ok. pixel_pos='region 1 of 5' -- 3rd distinct component name for the 3rd knife instruction under B (differs from B's own pick=segment_c, hand=lateral_protrusion). KNIFE PART-LEVEL LABEL WARNING: citable=false for this row's part-name semantics (handle vs blade) -- part_adaptive.py's PCA-eigenvector-sign bug means knife handle/blade labels are known unreliable in this codebase (see report_assets/PERCEPTION_EVIDENCE.md). The geometric measurements (component name, width, points, evidence) are not themselves invalidated, only which end is 'handle' vs 'blade'.",report_assets/PART_NAMING_ABLATION.csv:11
knife,C,C_pointing (som_part_selection.py --mode point -- point-based geometric affordance selector; script's own comment: 'point-based affordance selector (BI)'),none (POINT_OFF_OBJECT),,,false,true,"3 query points at (431.6,371.0)/(446.7,371.0)/(461.8,371.0), 22.6/37.7/52.8 px off-object, outcome POINT_OFF_OBJECT. KNIFE PART-LEVEL LABEL WARNING: citable=false for this row's part-name semantics (handle vs blade) -- part_adaptive.py's PCA-eigenvector-sign bug means knife handle/blade labels are known unreliable in this codebase (see report_assets/PERCEPTION_EVIDENCE.md). The geometric measurements (component name, width, points, evidence) are not themselves invalidated, only which end is 'handle' vs 'blade'.",report_assets/PART_NAMING_ABLATION.csv:12
mug,A,A_heuristic (part_adaptive.bind_part -- geometric/adaptive hint-scoring over find_components() output),"refused (matched lateral_protrusion, NOISE)",,53,true,false,"width_mm=4, evidence=NOISE. Declared GT='handle'. Correctly refuses rather than silently substituting a different part.",report_assets/PART_NAMING_ABLATION.csv:13
mug,B,"B_som (som_part_selection.py --mode som -- SAM2 numbered-region selector, VLM picks a region number; script's own comment: 'numbered-region selector (AN/AX/BA/BB)')",main_body (substituted silently),,1390,false,false,"width_mm=18, evidence=ok. pixel_pos='region 0 of 4'. FALSE relative to declared GT -- SoM substitutes the body without disclosing that 'handle' was the semantic target, unlike A's explicit refusal.",report_assets/PART_NAMING_ABLATION.csv:14
mug,C,C_pointing (som_part_selection.py --mode point -- point-based geometric affordance selector; script's own comment: 'point-based affordance selector (BI)'),"refused (matched lateral_protrusion, NOISE)",,53,true,true,"width_mm=4, evidence=NOISE. pixel_pos=(332.0,340.8), nearest_distance_px=12.0. Correct -- matches declared GT (refusal expected). MALFORMED SOURCE ROW: line 15 -- raw_points field '[[800,600]]' contains an unquoted comma, splitting into 14 fields against 13 columns; reconstructed manually.",report_assets/PART_NAMING_ABLATION.csv:15
mug,A,A_heuristic (part_adaptive.bind_part -- geometric/adaptive hint-scoring over find_components() output),"refused (matched lateral_protrusion, NOISE)",,53,true,false,"width_mm=4, evidence=NOISE. Declared GT for this instruction was main_body (non-precision task should tolerate body) -- FALSE relative to declared GT, because the live VLM reasoner (Stage 2 only) inferred target_part='handle' for this instruction too, so bind_part never got a chance to consider main_body. Mismatch originates upstream of geometric binding, not within it.",report_assets/PART_NAMING_ABLATION.csv:16
mug,B,"B_som (som_part_selection.py --mode som -- SAM2 numbered-region selector, VLM picks a region number; script's own comment: 'numbered-region selector (AN/AX/BA/BB)')",main_body,,1390,false,false,"width_mm=18, evidence=ok. pixel_pos='region 0 of 4'. TRUE -- matches declared GT.",report_assets/PART_NAMING_ABLATION.csv:17
mug,C,C_pointing (som_part_selection.py --mode point -- point-based geometric affordance selector; script's own comment: 'point-based affordance selector (BI)'),"refused (matched lateral_protrusion, NOISE)",,53,true,true,"width_mm=4, evidence=NOISE. pixel_pos=(324.25,340.8), nearest_distance_px=4.3. FALSE -- identical to the pour-me-a-coffee row; no instruction sensitivity. MALFORMED SOURCE ROW: line 18 -- raw_points field '[[750,600]]' contains an unquoted comma, splitting into 14 fields against 13 columns; reconstructed manually.",report_assets/PART_NAMING_ABLATION.csv:18
mug,A,A_heuristic (part_adaptive.bind_part -- geometric/adaptive hint-scoring over find_components() output),"refused (matched lateral_protrusion, NOISE)",,53,true,false,"width_mm=4, evidence=NOISE. Declared GT='handle OR body' (dual-acceptable). Partially correct -- handle path correctly refused, but no fallback to body was attempted (bind_part policy: no substitution).",report_assets/PART_NAMING_ABLATION.csv:19
mug,B,"B_som (som_part_selection.py --mode som -- SAM2 numbered-region selector, VLM picks a region number; script's own comment: 'numbered-region selector (AN/AX/BA/BB)')",main_body,,1390,false,false,"width_mm=18, evidence=ok. pixel_pos='region 0 of 4'. TRUE -- body is one of the dual-acceptable answers.",report_assets/PART_NAMING_ABLATION.csv:20
mug,C,C_pointing (som_part_selection.py --mode point -- point-based geometric affordance selector; script's own comment: 'point-based affordance selector (BI)'),split across 3 components,,,false,false,"evidence='mixed'. Both acceptable answers (lateral_protrusion, main_body) appear among the 3 query points, plus one spurious lateral_protrusion_1, but never resolved to a single answer. Raw point positions were NOT itemised in this source row ('3 points (positions not itemised in this row)'), so this row is not marked as image-validated despite being a pointing-method row.",report_assets/PART_NAMING_ABLATION.csv:21
remote,A,A_heuristic (part_adaptive.bind_part -- geometric/adaptive hint-scoring over find_components() output),segment_b,,1565,false,false,"width_mm=43, evidence=ok. Declared GT='middle section / non-button'. TRUE.",report_assets/PART_NAMING_ABLATION.csv:22
remote,B,"B_som (som_part_selection.py --mode som -- SAM2 numbered-region selector, VLM picks a region number; script's own comment: 'numbered-region selector (AN/AX/BA/BB)')",segment_c,,1766,false,false,"width_mm=41, evidence=ok. pixel_pos='region 5 of 6 (largest)'. Differs from A's segment_b, but both are plausible non-button middle/end sections -- TRUE in spirit.",report_assets/PART_NAMING_ABLATION.csv:23
remote,C,C_pointing (som_part_selection.py --mode point -- point-based geometric affordance selector; script's own comment: 'point-based affordance selector (BI)'),segment_b,,1565,false,true,"width_mm=43, evidence=ok. '1 of 3 points contained at (283.5,372.5)', 2 of 3 points off-object. TRUE -- matches A exactly.",report_assets/PART_NAMING_ABLATION.csv:24
remote,A,A_heuristic (part_adaptive.bind_part -- geometric/adaptive hint-scoring over find_components() output),segment_b,,1565,false,false,"width_mm=43, evidence=ok. TRUE -- identical to the hand-me row under A (no differentiation from hand-me).",report_assets/PART_NAMING_ABLATION.csv:25
remote,B,"B_som (som_part_selection.py --mode som -- SAM2 numbered-region selector, VLM picks a region number; script's own comment: 'numbered-region selector (AN/AX/BA/BB)')",segment_c,,1766,false,false,"width_mm=41, evidence=ok. pixel_pos='region 5 of 6'. Identical to B's own hand-me row.",report_assets/PART_NAMING_ABLATION.csv:26
remote,C,C_pointing (som_part_selection.py --mode point -- point-based geometric affordance selector; script's own comment: 'point-based affordance selector (BI)'),segment_b,,1565,false,true,"width_mm=43, evidence=ok. Source row states pixel_pos and correct are both 'identical to C's own hand-me row' (i.e. validated there). MALFORMED SOURCE ROW: line 27 -- only 12 fields against a 13-col header; the nearest_distance_px field is entirely absent from this row (not blank -- omitted), unlike its sibling rows which all carry a numeric value.",report_assets/PART_NAMING_ABLATION.csv:27
remote,A,A_heuristic (part_adaptive.bind_part -- geometric/adaptive hint-scoring over find_components() output),segment_b,,1565,false,false,"width_mm=43, evidence=ok. Declared GT='ok-evidenced non-button component (button itself not geometrically resolvable)'. Technically TRUE (ok, non-button) but IDENTICAL to A's own hand-me/put answers -- no differentiation of the power instruction from the other two under method A.",report_assets/PART_NAMING_ABLATION.csv:28
remote,B,"B_som (som_part_selection.py --mode som -- SAM2 numbered-region selector, VLM picks a region number; script's own comment: 'numbered-region selector (AN/AX/BA/BB)')",lateral_protrusion,,284,false,false,"width_mm=18, evidence=ok. pixel_pos=""region 0 of 6 (smallest -- VLM note: 'likely a button')"". TRUE and differentiated -- the only condition where the power instruction produced a DIFFERENT component from the other 2 remote instructions.",report_assets/PART_NAMING_ABLATION.csv:29
remote,C,C_pointing (som_part_selection.py --mode point -- point-based geometric affordance selector; script's own comment: 'point-based affordance selector (BI)'),split across rim_ring/lateral_protrusion,,,false,true,"evidence='ok/ok'. pixel_pos='(185.2,372.5) / (381.8,372.5)', nearest_distance_px='9.4/10.1'. TRUE in spirit -- both candidates are ok-evidenced non-button regions; differentiated from hand/put (segment_b) but not resolved to one answer.",report_assets/PART_NAMING_ABLATION.csv:30
