object,far_depth,near_depth,far_obj_pts,near_obj_pts,far_shape,near_shape,far_fine_pts,near_fine_pts,far_fine_mm,near_fine_mm,far_evidence,near_evidence
bowl,1.3760000467300415,0.9430000185966492,0,0,-,-,0,0,0,0,none,none
cluster_mug_bowl_knife,1.3539999723434448,0.9459999799728394,2356,2208,vessel,slab,52,428,14,18,NOISE,ok
cluster_mug_can_pot,1.5360000133514404,1.2100000381469727,0,2269,-,blob,0,43,0,3,none,NOISE
cluster_mug_can_remote,1.5360000133514404,1.180999994277954,412,2048,slab,blob,45,58,11,6,NOISE,NOISE
cluster_pot_mug,1.3539999723434448,0.9589999914169312,5142,2509,wide_blob,slab,173,338,7,15,LOW,ok
cluster_remote_knife,1.3539999723434448,0.9229999780654907,1515,2742,slab,slab,120,30,31,5,ok,NOISE
cluster_spoon_bowl,1.3589999675750732,0.9459999799728394,161,1359,slab,slab,0,83,0,12,none,LOW
cluster_spoon_can_remote,1.5360000133514404,1.1770000457763672,0,1125,-,slab,0,51,0,8,none,NOISE
cluster_spoon_mug_knife,1.3650000095367432,0.9229999780654907,2268,1810,vessel,blob,77,30,9,4,LOW,NOISE
cluster_spoon_mug_pot,1.3760000467300415,1.034000039100647,0,3510,-,vessel,0,171,0,12,none,ok
knife,1.3650000095367432,0.9129999876022339,979,1638,elongated,slab,89,769,11,19,LOW,ok
mug,1.3700000047683716,0.925000011920929,1508,1942,blob,blob,44,36,3,3,NOISE,NOISE
mug_hv,1.5160000324249268,1.180999994277954,400,656,slab,slab,153,42,88,6,ok,NOISE
pot,1.3760000467300415,0.9890000224113464,134,3148,slab,slab,35,131,40,9,NOISE,LOW
remote,1.3700000047683716,0.9200000166893005,2177,4677,slab,slab,67,284,9,18,LOW,ok
spoon,1.3700000047683716,0.9179999828338623,0,2087,-,slab,0,47,0,5,none,NOISE
