scene,kind,instruction,present,expected,required_type,picked,conf,correct,part,keep_clear,motion,stability,thermal,rationale,error
TV_remote,intent,I want to change the TV channel,remote,remote,Remote control,remote control,0.95,1,sides,front panel,none,low,-,"Grasping the sides of the remote control allows access to the front panel where the buttons and IR sensor are located, which are necessary for changing the TV channel. The task does not require moving the remote, so stability is not a high priority.",
coke_can,intent,I'm thirsty and I'd like something fizzy to drink,can,can,Beverage container,soda can,0.95,1,side,-,translate,low,null,"For drinking from a soda can, the side is the most natural part to grasp as it allows easy access to the top for opening and drinking. There are no surfaces that must remain clear to perform the task, as the can is simply being moved to a position for drinking. The stability priority is low because the can is not being tilted or poured, just translated. There are no thermal or hygiene concerns specific to this task.",
dishwash_bottle,intent,I need to wash up these dirty dishes,bottle,bottle,Cleaning tool,dish soap bottle,0.95,1,body,nozzle,tilt_pour,med,-,"For applying dish soap, the bottle needs to be tilted to pour the soap out. Grasping the body allows for easy tilting while keeping the nozzle clear for dispensing. The stability priority is medium as the bottle needs to be controlled during pouring to avoid spills.",
metal_spoon,intent,I want to stir sugar into my tea,spoon,spoon,Spoon,spoon,0.95,1,handle,-,translate,low,safe for food contact,"Grasping the handle allows the spoon to reach the bottom of the cup and move in a circular motion without obstructing any functional part of the spoon. The task involves stirring, which requires translation motion, and the handle is safe for contact with food and hot liquids.",
pot_with_handle_and_lid,intent,I want to boil some water for pasta,pot,pot,Pot or kettle,pot,0.95,1,handle,-,translate,high,hot surface,"Grasping the handle allows for safe manipulation of the pot without obstructing any functional surfaces. The handle is designed for this purpose, ensuring stability and avoiding contact with hot surfaces. The task involves translating the pot to the stove, requiring a stable grip to prevent tipping or spilling.",
cluster_mug_cokecan,intent,I'd like a hot drink,mug;can,mug,Container,red mug,0.95,1,handle,rim,tilt_pour,high,hot surface,"Grasping the handle allows for safe handling and pouring of the hot liquid without obstructing the rim, which is necessary for pouring. The handle provides a stable grip, minimizing the risk of slipping or tipping, and avoids direct contact with the hot surface of the mug.",
cluster_mug_cokecan,intent,I'm thirsty and I'd like something fizzy to drink,mug;can,can,Beverage container,can,0.95,1,side,-,handover,low,null,"For the task of quenching thirst with a fizzy drink, the can needs to be easily opened and safe to drink from. Grasping the side of the can allows for easy handover to a person who can then open it. There are no surfaces that need to remain clear for the task to be completed, as the opening will be used after the handover. The stability priority is low because the can is not being tilted or poured by the robot, and there are no thermal or hygiene concerns with grasping the side of the can.",
cluster_mug_cokecan_pot,intent,I'd like a hot drink,mug;can;pot,mug,Container,pot with lid,0.9,0,handle,-,translate,high,hot surface,"Grasping the handle allows for safe handling of the pot, which is necessary due to the hot liquid inside. The handle is designed to be grasped without obstructing any functional part of the pot, such as the lid or spout. The task involves heating and containing the liquid, so stability is a priority to prevent spills. The handle is also thermally insulated, making it safe to touch despite the pot's hot surface.",
cluster_mug_cokecan_pot,intent,I'm thirsty and I'd like something fizzy to drink,mug;can;pot,can,Beverage container,soda can,0.95,1,side,-,handover,med,null,"Grasping the side of the soda can allows for easy handover without obstructing the top, which needs to remain clear for opening and drinking. The side provides a stable grip for the handover task, and there are no thermal or hygiene concerns with touching the can's exterior.",
cluster_mug_cokecan_pot,intent,I want to boil some water for pasta,mug;can;pot,pot,Pot or Kettle,pot,0.95,1,handle,-,translate,high,hot_surface,"Grasping the handle allows for safe manipulation of the pot without obstructing any functional surfaces. The handle is designed to be grasped and provides stability during movement. The pot will be heated, so the body will become hot, making the handle the safest contact point.",
cluster_mug_remote_pot,intent,I'd like a hot drink,mug;remote;pot,mug,Cup or Mug,red mug,0.95,1,handle,-,tilt_pour,med,hot surface,"Grasping the handle allows for safe handling and pouring of the hot liquid without obstructing any functional part of the mug. The handle is designed to be grasped without direct contact with the hot surface of the mug, ensuring safe handling. The task involves tilting the mug to pour, so the handle provides a stable grip for this motion.",
cluster_mug_remote_pot,intent,I want to change the TV channel,mug;remote;pot,remote,Remote control,remote control,0.95,1,sides,-,none,low,-,"Grasping the sides of the remote control allows access to all buttons, which is necessary for changing the TV channel. There are no surfaces that must remain clear to perform this task, as the buttons are accessible from the top. The task does not require any post-grasp motion beyond pressing buttons, and stability is not a major concern since the remote is typically used in a stationary position. There are no thermal or hygiene concerns associated with this task.",
cluster_mug_remote_pot,intent,I want to boil some water for pasta,mug;remote;pot,pot,Pot or Kettle,pot,0.95,1,handle,-,translate,high,hot surface,"Grasping the handle allows for safe manipulation of the pot without obstructing any functional surfaces. The handle is designed to be grasped and provides stability during movement. The pot will be placed on a stove, so the surface will become hot, making the handle the safest part to grasp.",
